INE144J01027,20MICRONS
INE253B01015,21STCENMGM
INE748C01020,3IINFOTECH
INE470A01017,3MINDIA
INE105C01023,3PLAND
INE618L01018,5PAISA
INE111B01023,63MOONS
INE619I01012,A2ZINFRA
INE087Z01016,AAKASH
INE721Z01010,AARON
INE767A01016,AARTIDRUGS
INE769A01020,AARTIIND
INE09EO01013,AARTISURF
INE273D01019,AARVEEDEN
INE754X01016,AARVI
INE216P01012,AAVAS
INE421A01028,ABAN
INE117A01022,ABB
INE358A01014,ABBOTINDIA
INE674K01013,ABCAPITAL
INE647O01011,ABFRL
INE251C01017,ABMINTLTD
INE012A01025,ACC
INE793A01012,ACCELYA
INE648Z01015,ACCURACY
INE731H01025,ACE
INE482D01024,ACRYSIL
INE423A01024,ADANIENT
INE364U01010,ADANIGREEN
INE742F01042,ADANIPORTS
INE814H01011,ADANIPOWER
INE931S01010,ADANITRANS
INE982B01019,ADFFOODS
INE452L01012,ADHUNIKIND
INE0CHO01012,ADL
INE045A01017,ADORWELD
INE737B01033,ADROITINFO
INE102I01027,ADSL
INE199C01026,ADVANIHOTR
INE837H01020,ADVENZYMES
INE208C01025,AEGISCHEM
INE00WC01019,AFFLE
INE204E01012,AGARIND
INE676A01019,AGCNET
INE449G01018,AGRITECH
INE740V01019,AGROPHOS
INE00PV01013,AHLADA
INE926K01017,AHLEAST
INE758C01029,AHLUCONT
INE915K01010,AHLWEST
INE212H01026,AIAENG
INE645W01026,AIRAN
INE031B01049,AJANTPHARM
INE298G01027,AJMERA
INE737W01013,AKASH
INE00Y801016,AKG
INE542B01011,AKSHARCHEM
INE523B01011,AKSHOPTFBR
INE133A01011,AKZOINDIA
INE914E01040,ALANKIT
INE155C01010,ALBERTDAVD
INE426A01027,ALEMBICLTD
INE062D01024,ALICON
INE773I01017,ALKALI
INE540L01014,ALKEM
INE150B01021,ALKYLAMINE
INE418H01029,ALLCARGO
INE835G01018,ALLSEC
INE326B01027,ALMONDZ
INE270A01029,ALOKINDS
INE385I01010,ALPA
INE137C01018,ALPHAGEO
INE093B01015,ALPSINDUS
INE885A01032,AMARAJABAT
INE371P01015,AMBER
INE540G01014,AMBIKCO
INE079A01024,AMBUJACEM
INE005I01014,AMDIND
INE606A01024,AMJLAND
INE098F01031,AMRUTANJAN
INE242C01024,ANANTRAJ
INE666E01012,ANDHRACEMT
INE435A01028,ANDHRAPAP
INE715B01013,ANDHRSUGAR
INE732I01013,ANGELBRKG
INE087B01017,ANIKINDS
INE106I01010,ANKITMETAL
INE436A01026,ANSALAPI
INE880B01015,ANSALHSG
INE294Z01018,ANUP
INE372A01015,APARINDS
INE071F01012,APCL
INE116A01032,APCOTEXIND
INE346W01013,APEX
INE702C01027,APLAPOLLO
INE901L01018,APLLTD
INE713T01010,APOLLO
INE437A01024,APOLLOHOSP
INE126J01016,APOLLOPIPE
INE438A01022,APOLLOTYRE
INE451F01024,APOLSINHOT
INE266F01018,APTECHT
INE877I01016,ARCHIDPLY
INE731A01020,ARCHIES
INE610C01014,ARENTERP
INE298I01015,ARIES
INE413D01011,ARIHANT
INE643K01018,ARIHANTSUP
INE109C01017,ARMANFIN
INE210C01013,AROGRANITE
INE570D01018,ARROWGREEN
INE968D01022,ARSHIYA
INE267I01010,ARSSINFRA
INE025R01013,ARTEMISMED
INE034A01011,ARVIND
INE955V01021,ARVINDFASN
INE034S01021,ARVSMART
INE439A01020,ASAHIINDIA
INE228I01012,ASAHISONG
INE900C01027,ASAL
INE073G01016,ASALCBR
INE348A01023,ASHAPURMIN
INE365D01021,ASHIANA
INE440A01010,ASHIMASYN
INE442H01029,ASHOKA
INE208A01029,ASHOKLEY
INE363A01022,ASIANHOTNR
INE021A01026,ASIANPAINT
INE022I01019,ASIANTILES
INE991I01015,ASPINWALL
INE563J01010,ASTEC
INE914M01019,ASTERDM
INE006I01046,ASTRAL
INE386C01029,ASTRAMICRO
INE203A01020,ASTRAZEN
INE646X01014,ASTRON
INE209A01019,ATFL
INE399L01023,ATGL
INE285H01022,ATLANTA
INE100A01010,ATUL
INE951D01028,ATULAUTO
INE949L01017,AUBANK
INE132H01018,AURIONPRO
INE406A01037,AUROPHARMA
INE218C01016,AUSOMENT
INE449A01011,AUTOAXLES
INE718H01014,AUTOIND
INE448A01013,AUTOLITIND
INE349W01017,AVADHSUGAR
INE871C01038,AVANTIFEED
INE488D01021,AVTNPL
INE01BK01022,AWHCL
INE238A01034,AXISBANK
INE555B01013,AXISCADES
INE193B01039,AYMSYNTEX
INE878I01022,BAFNAPH
INE116D01028,BAGFILMS
INE917I01010,BAJAJ-AUTO
INE933K01021,BAJAJCON
INE193E01025,BAJAJELEC
INE918I01018,BAJAJFINSV
INE306A01021,BAJAJHIND
INE118A01012,BAJAJHLDNG
INE296A01024,BAJFINANCE
INE794B01026,BALAJITELE
INE050E01027,BALAMINES
INE618N01014,BALAXI
INE875R01011,BALKRISHNA
INE787D01026,BALKRISIND
INE294A01037,BALLARPUR
INE164A01016,BALMLAWRIE
INE083D01012,BALPHARMA
INE119A01028,BALRAMCHIN
INE655B01011,BANARBEADS
INE459A01010,BANARISUG
INE213C01025,BANCOINDIA
INE545U01014,BANDHANBNK
INE863I01016,BANG
INE862Y01015,BANKA
INE028A01039,BANKBARODA
INE084A01016,BANKINDIA
INE629D01012,BANSWRAS
INE855F01034,BARTRONICS
INE373A01013,BASF
INE186H01022,BASML
INE176A01028,BATAINDIA
INE462A01022,BAYERCROP
INE464A01028,BBL
INE050A01025,BBTC
INE425B01027,BCG
INE905P01028,BCP
INE171Z01018,BDL
INE520H01022,BEARDSELL
INE495P01012,BECTORFOOD
INE844K01012,BEDMUTHA
INE263A01024,BEL
INE258A01016,BEML
INE922A01025,BEPL
INE463A01038,BERGEPAINT
INE878K01010,BFINVEST
INE243D01012,BFUTILITIE
INE661I01014,BGRENERGY
INE354C01027,BHAGERIA
INE458B01036,BHAGYANGR
INE363W01018,BHAGYAPROP
INE474E01029,BHANDARI
INE465A01025,BHARATFORG
INE561C01019,BHARATGEAR
INE838B01013,BHARATRAS
INE316L01019,BHARATWIRE
INE397D01024,BHARTIARTL
INE257A01026,BHEL
INE412U01017,BIGBLOC
INE828A01016,BIL
INE143A01010,BINDALAGRO
INE376G01013,BIOCON
INE829A01014,BIOFILCHEM
INE800A01015,BIRLACABLE
INE340A01012,BIRLACORPN
INE865C01022,BIRLAMONEY
INE0AEJ01013,BIRLATYRE
INE831Q01016,BKMINDST
INE791A01024,BLBLIMITED
INE416D01022,BLISSGVS
INE350H01032,BLKASHYAP
INE153T01027,BLS
INE472B01011,BLUECOAST
INE233B01017,BLUEDART
INE472A01039,BLUESTARCO
INE338D01028,BODALCHEM
INE032A01023,BOMDYEING
INE02PY01013,BOROLTD
INE666D01022,BORORENEW
INE323A01026,BOSCHLTD
INE029A01011,BPCL
INE110A01019,BPL
INE589G01011,BRFL
INE791I01019,BRIGADE
INE216A01030,BRITANNIA
INE727S01012,BRNL
INE650L01011,BROOKS
INE118H01025,BSE
INE032Z01012,BSHSL
INE594B01012,BSL
INE836A01035,BSOFT
INE07T201019,BURGERKING
INE817H01014,BURNPUR
INE295F01017,BUTTERFLY
INE139I01011,BVCL
INE319B01014,BYKE
INE010B01027,CADILAHC
INE526B01014,CALSOFT
INE052I01032,CAMLINFINE
INE596I01012,CAMS
INE476A01014,CANBK
INE874H01015,CANDC
INE477A01020,CANFINHOME
INE068L01016,CANTABIL
INE264T01014,CAPACITE
INE475E01026,CAPLIPOINT
INE707C01018,CAPTRUST
INE120A01034,CARBORUNIV
INE521J01018,CAREERP
INE752H01013,CARERATING
INE172A01027,CASTROLIND
INE429I01024,CCCL
INE652F01027,CCHHL
INE421D01022,CCL
INE736A01011,CDSL
INE482A01020,CEATLTD
INE209L01016,CEBBCO
INE185H01016,CELEBRITY
INE485A01015,CENTENKA
INE281A01026,CENTEXT
INE483A01010,CENTRALBK
INE660C01027,CENTRUM
INE320B01020,CENTUM
INE348B01021,CENTURYPLY
INE055A01016,CENTURYTEX
INE739E01017,CERA
INE345B01019,CEREBRAINT
INE486A01013,CESC
INE180C01026,CGCL
INE067A01029,CGPOWER
INE427F01016,CHALET
INE085A01013,CHAMBLFERT
INE995D01025,CHEMBOND
INE03YM01018,CHEMCON
INE783X01023,CHEMFAB
INE178A01016,CHENNPETRO
INE121A01024,CHOLAFIN
INE149A01033,CHOLAHLDNG
INE675C01017,CIGNITITEC
INE704H01022,CINELINE
INE039B01026,CINEVISTA
INE059A01026,CIPLA
INE201M01011,CLEDUCATE
INE492A01029,CLNINDIA
INE981B01011,CMICABLES
INE672K01025,CNOVAPETRO
INE522F01014,COALINDIA
INE704P01017,COCHINSHIP
INE591G01017,COFORGE
INE259A01022,COLPAL
INE070C01037,COMPINFO
INE453B01029,COMPUSOFT
INE111A01025,CONCOR
INE552D01024,CONFIPET
INE025A01027,CONSOFINVT
INE663B01015,CONTROLPR
INE558D01021,CORALFINAC
INE792I01017,CORDSCABLE
INE169A01031,COROMANDEL
INE757A01017,COSMOFILMS
INE695B01025,COUNCODOS
INE008I01026,COX&KINGS
INE985W01018,CREATIVE
INE741K01010,CREDITACC
INE559D01011,CREST
INE007A01025,CRISIL
INE299U01018,CROMPTON
INE679A01013,CSBBANK
INE627H01017,CTE
INE491A01021,CUB
INE144D01012,CUBEXTUB
INE298A01020,CUMMINSIND
INE509F01011,CUPID
INE278G01037,CYBERMEDIA
INE214A01019,CYBERTECH
INE136B01020,CYIENT
INE818H01020,DAAWAT
INE016A01026,DABUR
INE00R701025,DALBHARAT
INE495A01022,DALMIASUG
INE497D01022,DAMODARIND
INE688Y01014,DANGEE
INE365B01017,DATAMATICS
INE950I01011,DBCORP
INE917M01012,DBL
INE879I01012,DBREALTY
INE921B01025,DBSTOCKBRO
INE385W01011,DCAL
INE503A01015,DCBBANK
INE498A01018,DCM
INE08KP01019,DCMNVL
INE499A01024,DCMSHRIRAM
INE500A01029,DCW
INE583C01021,DECCANCE
INE501A01019,DEEPAKFERT
INE288B01029,DEEPAKNTR
INE677H01012,DEEPENR
INE124G01033,DELTACORP
INE393A01011,DELTAMAGNT
INE947J01015,DEN
INE244A01016,DENORA
INE456C01020,DFMFOODS
INE03JI01017,DGCONTENT
INE041A01016,DHAMPURSUG
INE680A01011,DHANBANK
INE274G01010,DHANI
INE435G01025,DHANUKA
INE988C01014,DHARSUGAR
INE202B01012,DHFL
INE320L01011,DHUNINV
INE393P01035,DIAMONDYD
INE303A01010,DICIND
INE927C01020,DIGISPICE
INE731U01010,DIGJAMLTD
INE836F01026,DISHTV
INE361B01024,DIVISLAB
INE935N01012,DIXON
INE271C01023,DLF
INE250K01012,DLINKINDIA
INE192R01011,DMART
INE016M01021,DNAMEDIA
INE966A01022,DOLAT
INE325C01035,DOLLAR
INE668D01028,DONEAR
INE266Y01019,DPABHUSHAN
INE360C01024,DPSCLTD
INE864X01013,DPWIRES
INE506A01018,DREDGECORP
INE089A01023,DRREDDY
INE417B01040,DSSL
INE341R01014,DTIL
INE741L01018,DUCON
INE477B01010,DVL
INE366A01041,DWARKESH
INE221B01012,DYNAMATECH
INE256H01015,DYNPRO
INE268C01029,EASUNREYRL
INE726L01019,EBIXFOREX
INE738I01010,ECLERX
INE532F01054,EDELWEISS
INE216H01027,EDUCOMP
INE066A01021,EICHERMOT
INE126A01031,EIDPARRY
INE276C01014,EIHAHOTELS
INE230A01023,EIHOTEL
INE158B01016,EIMCOELECO
INE184H01027,EKC
INE205B01023,ELECON
INE086A01029,ELECTCAST
INE822G01016,ELECTHERM
INE285A01027,ELGIEQUIP
INE819L01012,ELGIRUBCO
INE548C01032,EMAMILTD
INE830C01026,EMAMIPAP
INE778K01012,EMAMIREAL
INE078A01026,EMCO
INE296H01011,EMKAY
INE753K01015,EMMBI
INE913H01037,ENDURANCE
INE306C01019,ENERGYDEV
INE510A01028,ENGINERSIN
INE265F01028,ENIL
INE255A01020,EPL
INE988K01017,EQUITAS
INE063P01018,EQUITASBNK
INE406M01024,ERIS
INE416L01017,EROSMEDIA
INE284A01012,ESABINDIA
INE042A01014,ESCORTS
INE122M01019,ESSARSHPNG
INE778B01029,ESTER
INE128A01029,EVEREADY
INE295A01018,EVERESTIND
INE688J01015,EXCEL
INE369A01029,EXCELINDUS
INE302A01020,EXIDEIND
INE201K01015,EXPLEOSOL
INE188A01015,FACT
INE0DNW01011,FAIRCHEMOR
INE045J01026,FCL
INE220J01025,FCONSUMER
INE512B01022,FCSSOFT
INE258B01022,FDC
INE171A01029,FEDERALBNK
INE623B01027,FEL
IN9623B01058,FELDVR
INE737H01014,FIEMIND
INE816B01027,FILATEX
INE235A01022,FINCABLES
INE686Y01026,FINEORG
INE183A01016,FINPIPE
INE060J01017,FLEXITUFF
INE452O01016,FLFL
INE09N301011,FLUOROCHEM
INE529A01010,FMGOETZE
INE360L01017,FMNL
INE451A01017,FORCEMOT
INE061F01013,FORTIS
INE519A01011,FOSECOIND
INE752P01024,FRETAIL
INE935Q01015,FSC
INE684F01012,FSL
INE524A01029,GABRIEL
INE036B01030,GAEL
INE129A01019,GAIL
INE482J01021,GAL
INE600K01018,GALAXYSURF
INE297H01019,GALLANTT
INE528K01029,GALLISPAT
INE181G01025,GAMMNINFRA
INE524B01027,GANDHITUBE
INE845D01014,GANECOS
INE460C01014,GANESHHOUC
INE335W01016,GANGESSECU
INE276A01018,GARFIBRES
INE152B01027,GATI
INE287Z01012,GAYAHWS
INE336H01023,GAYAPROJ
INE087J01028,GBGLOBAL
INE852F01015,GDL
INE916G01016,GEECEE
INE669X01016,GEEKAYWIRE
INE854S01022,GENCON
INE727B01026,GENESYS
INE949P01018,GENUSPAPER
INE955D01029,GENUSPOWER
INE007B01023,GEOJITFSL
INE878A01011,GEPIL
INE017A01032,GESHIP
INE200A01026,GET&D
INE538A01037,GFLLIMITED
INE539A01019,GHCL
INE289B01019,GICHSGFIN
INE481Y01014,GICRE
INE047B01011,GILLANDERS
INE322A01010,GILLETTE
INE424C01010,GINNIFILA
INE162A01010,GIPCL
INE065J01016,GISOLUTION
INE528A01020,GKWLIMITED
INE068V01023,GLAND
INE159A01016,GLAXO
INE935A01035,GLENMARK
INE540A01017,GLFL
INE291W01011,GLOBAL
INE792H01019,GLOBALVECT
INE581X01013,GLOBE
INE446C01013,GLOBOFFS
INE615I01010,GLOBUSSPR
INE075D01018,GMBREW
INE131A01031,GMDCLTD
INE541A01023,GMMPFAUDLR
INE776C01039,GMRINFRA
INE934S01014,GNA
INE113A01013,GNFC
INE426D01013,GOACARBON
INE077F01035,GOCLCORP
INE260B01028,GODFRYPHLP
INE925Y01010,GODHA
INE850D01014,GODREJAGRO
INE102D01028,GODREJCP
INE233A01035,GODREJIND
INE484J01027,GODREJPROP
INE516K01024,GOENKA
INE887G01027,GOKEX
INE020J01029,GOKUL
INE314T01025,GOKULAGRO
INE973A01010,GOLDENTOBC
INE025B01017,GOLDIAM
INE805A01014,GOLDTECH
INE127I01024,GOODLUCK
INE533A01012,GOODYEAR
INE177H01013,GPIL
INE517F01014,GPPL
INE390G01014,GPTINFRA
INE101D01020,GRANULES
INE371A01025,GRAPHITE
INE047A01021,GRASIM
INE024L01027,GRAVITA
INE224A01026,GREAVESCOT
INE544R01013,GREENLAM
INE08ZM01014,GREENPANEL
INE461C01038,GREENPLY
INE999K01014,GREENPOWER
INE536A01023,GRINDWELL
INE646C01018,GROBTEA
INE137I01015,GRPLTD
INE382Z01011,GRSE
INE542A01039,GSCLCEMENT
INE026A01025,GSFC
INE246F01010,GSPL
INE871H01011,GSS
INE043A01012,GTL
INE221H01019,GTLINFRA
INE537A01013,GTNIND
INE869I01013,GTPL
INE742B01025,GUFICBIO
INE186A01019,GUJALKALI
INE826C01016,GUJAPOLLO
INE844O01030,GUJGASLTD
INE610B01024,GUJRAFFIA
INE635Q01029,GULFOILLUB
INE586G01017,GULFPETRO
INE255D01024,GULPOLY
INE066F01012,HAL
INE419U01012,HAPPSTMNDS
INE939D01015,HARITASEAT
INE544A01019,HARRMALAYA
INE982F01036,HATHWAY
INE473B01035,HATSUN
INE176B01034,HAVELLS
INE293B01029,HAVISHA
INE292B01021,HBLPOWER
INE550B01022,HBSL
INE549A01026,HCC
INE075I01017,HCG
INE236A01020,HCL-INSYS
INE860A01027,HCLTECH
INE001A01036,HDFC
INE127D01025,HDFCAMC
INE040A01034,HDFCBANK
INE795G01014,HDFCLIFE
INE191I01012,HDIL
INE545A01016,HEG
INE578A01017,HEIDELBERG
INE0AJG01018,HEMIPROP
INE688E01024,HERCULES
INE978A01027,HERITGFOOD
INE158A01026,HEROMOTOCO
INE782E01017,HESTERBIO
INE750M01017,HEXATRADEX
INE548A01028,HFCL
INE926X01010,HGINFRA
INE170I01016,HGS
INE475B01022,HIKAL
INE557A01011,HIL
INE788H01017,HILTON
INE049A01027,HIMATSEIDE
INE038A01020,HINDALCO
INE310C01029,HINDCOMPOS
INE531E01026,HINDCOPPER
INE253A01025,HINDMOTORS
INE952A01022,HINDNATGLS
INE345A01011,HINDOILEXP
INE094A01015,HINDPETRO
INE030A01027,HINDUNILVR
INE267A01025,HINDZINC
INE835D01023,HIRECT
INE598C01011,HISARMETAL
INE106T01017,HITECH
INE120D01012,HITECHCORP
INE127B01011,HITECHGEAR
INE102A01024,HLVLTD
INE262A01018,HMT
INE871K01015,HMVL
INE254N01018,HNDFDS
INE481N01025,HOMEFIRST
INE671A01010,HONAUT
INE634A01018,HONDAPOWER
INE596H01014,HOVS
INE495S01016,HPL
INE019C01026,HSCL
INE415A01038,HSIL
INE501G01024,HTMEDIA
INE703H01016,HUBTOWN
INE031A01017,HUDCO
INE275B01026,HUHTAMAKI
INE069I01010,IBREALEST
INE148I01020,IBULHSGFIN
INE520Y01019,ICEMAKE
INE090A01021,ICICIBANK
INE765G01017,ICICIGI
INE726G01019,ICICIPRULI
INE483B01026,ICIL
INE725G01011,ICRA
INE008A01015,IDBI
INE669E01016,IDEA
INE043D01016,IDFC
INE092T01019,IDFCFIRSTB
INE022Q01020,IEX
INE076C01018,IFBAGRO
INE559A01017,IFBIND
INE039A01010,IFCI
INE133Y01011,IFGLEXPOR
INE188B01013,IGARASHI
INE203G01027,IGL
INE204A01010,IGPL
INE530B01024,IIFL
INE489L01022,IIFLSEC
INE466L01020,IIFLWAM
INE886A01014,IITL
INE369I01014,IL&FSENGG
INE975G01012,IL&FSTRANS
INE172N01012,IMAGICAA
INE919H01018,IMFA
INE547E01014,IMPAL
INE691G01015,IMPEXFERRO
INE841B01017,INDBANK
INE053A01029,INDHOTEL
INE383A01012,INDIACEM
INE560A01015,INDIAGLYCO
INE933S01016,INDIAMART
INE562A01011,INDIANB
INE061A01014,INDIANCARD
INE323C01030,INDIANHUME
INE646L01027,INDIGO
INE09VQ01012,INDIGOPNTS
INE065B01013,INDLMETER
INE092B01025,INDNIPPON
INE873D01024,INDOCO
INE156A01020,INDORAMA
INE866K01015,INDOSOLAR
INE896L01010,INDOSTAR
INE332H01014,INDOTECH
INE337M01013,INDOTHAI
INE227G01018,INDOWIND
INE681B01017,INDRAMEDCO
INE915B01019,INDSWFTLAB
INE611L01021,INDTERRAIN
INE095A01012,INDUSINDBK
INE121J01017,INDUSTOWER
INE189B01011,INEOSSTYRO
INE483S01020,INFIBEAM
INE344S01016,INFOBEAN
INE669A01022,INFOMEDIA
INE009A01021,INFY
INE177A01018,INGERRAND
INE312H01016,INOXLEISUR
INE066P01011,INOXWIND
INE070I01018,INSECTICID
INE020G01017,INSPIRISYS
INE418N01027,INTEGRA
INE306R01017,INTELLECT
INE781A01025,INTENTECH
INE878H01016,INVENTURE
INE565A01014,IOB
INE242A01010,IOC
INE485C01011,IOLCP
INE571A01020,IPCALAB
INE821I01014,IRB
INE962Y01021,IRCON
INE335Y01012,IRCTC
INE053F01010,IRFC
INE763G01038,ISEC
INE566K01011,ISFT
INE732F01019,ISMTLTD
INE154A01025,ITC
INE353K01014,ITDC
INE686A01026,ITDCEM
INE248A01017,ITI
INE050B01023,IVC
INE043C01018,IVP
INE848A01014,IZMO
INE168A01041,J&KBANK
INE199G01027,JAGRAN
INE048B01027,JAGSNPHARM
INE091G01018,JAIBALAJI
INE070D01027,JAICORPLTD
INE486B01011,JAINSTUDIO
INE039C01032,JAMNAAUTO
INE039O01011,JASH
INE785A01026,JAYAGROGN
INE571B01028,JAYBARMARU
INE854B01010,JAYNECOIND
INE364A01020,JAYSREETEA
INE572A01028,JBCHEPHARM
INE187A01017,JBFIND
INE927D01028,JBMA
INE782A01015,JCHAC
INE802G01018,JETAIRWAYS
INE544H01014,JHS
INE026B01049,JIKIND
INE796G01012,JINDALPHOT
INE197D01010,JINDALPOLY
INE324A01024,JINDALSAW
INE749A01030,JINDALSTEL
INE742C01031,JINDRILL
INE247D01039,JINDWORLD
IN9175A01010,JISLDVREQS
INE175A01038,JISLJALEQS
INE863T01013,JITFINFRA
INE023S01016,JIYAECO
INE823G01014,JKCEMENT
INE576I01022,JKIL
INE786A01032,JKLAKSHMI
INE789E01012,JKPAPER
INE573A01042,JKTYRE
INE412C01023,JMA
INE890A01024,JMCPROJECT
INE780C01023,JMFINANCIL
INE988E01036,JMTAUTOLTD
INE839G01010,JOCIL
INE455F01025,JPASSOCIAT
INE099J01015,JPINFRATEC
INE351F01018,JPPOWER
INE220G01021,JSL
INE455T01018,JSLHISAR
INE121E01018,JSWENERGY
INE824G01012,JSWHL
INE743C01021,JSWISPL
INE019A01038,JSWSTEEL
INE643A01035,JTEKTINDIA
INE797F01012,JUBLFOOD
INE645L01011,JUBLINDS
INE700A01033,JUBLPHARMA
INE974C01022,JUMPNET
INE599M01018,JUSTDIAL
INE668F01031,JYOTHYLAB
INE900B01029,KABRAEXTRU
INE217B01036,KAJARIACER
INE437B01014,KAKATCEM
INE220B01022,KALPATPOWR
INE314G01014,KALYANIFRG
INE967C01018,KAMATHOTEL
INE390H01012,KAMDHENU
INE879E01037,KANANIIND
INE138C01024,KANORICHEM
INE694E01014,KANPRPLA
INE531A01024,KANSAINER
INE542Z01010,KAPSTON
INE278R01026,KARDA
INE725L01011,KARMAENG
INE036D01028,KARURVYSYA
INE234I01010,KAUSHALYA
INE587G01015,KAYA
INE805C01028,KCP
INE790B01024,KCPSUGIND
INE291D01011,KDDL
INE389H01022,KEC
INE134B01017,KECL
INE586X01012,KEERTI
INE878B01027,KEI
INE164B01022,KELLTONTEC
INE717A01029,KENNAMET
INE202H01019,KERNEX
INE087A01019,KESORAMIND
INE681C01015,KEYFINSERV
INE299C01024,KGL
INE834I01025,KHADIM
INE745B01028,KHAICHEM
INE060B01014,KHANDSE
INE029L01018,KICL
INE729D01010,KILITCH
INE473D01015,KINGFA
INE880L01014,KIOCL
INE415I01015,KIRIINDUS
INE884B01025,KIRLFER
INE732A01036,KIRLOSBROS
INE146L01010,KIRLOSENG
INE250A01039,KIRLOSIND
INE602G01020,KITEX
INE401H01017,KKCL
INE157H01023,KMSUGAR
INE634I01029,KNRCON
INE760A01029,KOKUYOCMLN
INE094I01018,KOLTEPATIL
INE082A01010,KOPRAN
INE237A01028,KOTAKBANK
INE419A01022,KOTARISUG
INE720A01015,KOTHARIPET
INE823A01017,KOTHARIPRO
INE04I401011,KPITTECH
INE930H01023,KPRMILL
INE001B01026,KRBL
INE268B01013,KREBSBIO
INE524L01026,KRIDHANINF
INE506W01012,KRISHANA
INE999A01015,KSB
INE455I01029,KSCL
INE907A01026,KSL
INE614B01018,KTKBANK
INE529I01021,KUANTUM
INE775B01025,KWALITY
INE498L01015,L&TFH
INE651C01018,LAKPRE
INE600L01024,LALPATHLAB
INE112F01022,LAMBODHARA
INE059D01020,LAOPALA
INE670X01014,LASA
INE947Q01028,LAURUSLABS
INE269B01029,LAXMIMACH
INE970X01018,LEMONTREE
INE850E01012,LFIC
INE337A01034,LGBBROSLTD
INE201J01017,LGBFORGE
INE908V01012,LIBAS
INE557B01019,LIBERTSHOE
INE115A01026,LICHSGFIN
INE060901019,LIKHITHA
INE405C01035,LINCOLN
INE802B01019,LINCPEN
INE473A01011,LINDEINDIA
INE397H01017,LOKESHMACH
INE947I01017,LOTUSEYE
INE597L01014,LOVABLE
INE197J01017,LPDC
INE093R01011,LSIL
INE018A01030,LT
INE214T01019,LTI
INE010V01017,LTTS
INE162B01018,LUMAXIND
INE872H01027,LUMAXTECH
INE326A01037,LUPIN
INE150G01020,LUXIND
INE933A01014,LYKALABS
INE142K01011,LYPSAGEMS
INE101A01026,M&M
INE774D01024,M&MFIN
INE215I01019,MAANALU
INE155Z01011,MACPOWER
INE925C01016,MADHAV
INE378D01032,MADHUCON
INE414A01015,MADRASFERT
INE347W01011,MAGADSUGAR
INE511C01022,MAGMA
INE387I01016,MAGNUM
INE457A01014,MAHABANK
INE843B01013,MAHAPEXLTD
INE451L01014,MAHASTEEL
INE215D01010,MAHEPC
INE263W01010,MAHESHWARI
INE536H01010,MAHINDCIE
INE813A01018,MAHLIFE
INE766P01016,MAHLOG
INE288A01013,MAHSCOOTER
INE271B01025,MAHSEAMLES
INE683C01011,MAITHANALL
INE898S01029,MAJESCO
INE383H01017,MALUPAPER
INE859Q01017,MANAKALUCO
INE830Q01018,MANAKCOAT
INE015D01022,MANAKSIA
INE824Q01011,MANAKSTEEL
INE201A01024,MANALIPETC
INE522D01027,MANAPPURAM
INE584F01014,MANGALAM
INE558B01017,MANGCHEFER
INE347A01017,MANGLMCEM
INE805B01012,MANGTIMBER
INE993A01026,MANINDS
INE949H01023,MANINFRA
INE867A01022,MANUGRAPH
INE882A01013,MARALOVER
INE182D01020,MARATHON
INE196A01026,MARICO
INE01JE01010,MARINE
INE750C01026,MARKSANS
INE585B01010,MARUTI
INE348L01012,MASFIN
INE885F01015,MASKINVEST
INE759A01021,MASTEK
INE866R01028,MATRIMONY
INE636A01039,MAWANASUG
INE027H01010,MAXHEALTH
INE0CG601016,MAXIND
INE154U01015,MAXVIL
INE040D01038,MAYURUNIQ
INE885E01034,MAZDA
INE249Z01012,MAZDOCK
INE900L01010,MBAPL
INE748A01016,MBECL
INE912H01013,MBLINFRA
INE836H01014,MCDHOLDING
INE854D01024,MCDOWELL-N
INE813V01022,MCL
INE942G01012,MCLEODRUSS
INE745G01035,MCX
INE933B01012,MEGASOFT
INE974H01013,MEGH
INE817A01019,MELSTAR
INE071D01033,MENONBE
INE776I01010,MEP
INE934B01028,MERCATOR
INE425A01011,METALFORGE
INE592I01029,METKORE
INE112L01020,METROPOLIS
INE180A01020,MFSL
INE0APB01016,MGEL
INE002S01010,MGL
INE998I01010,MHRIL
INE287C01029,MIC
INE099Z01011,MIDHANI
INE842C01021,MINDACORP
INE405E01023,MINDAIND
INE110B01017,MINDTECK
INE018I01017,MINDTREE
INE831A01028,MIRCELECTR
INE771A01026,MIRZAINT
INE997Y01019,MITTAL
INE227C01017,MMFL
INE511Y01018,MMP
INE123F01029,MMTC
INE832A01018,MODIRUBBER
INE954E01012,MOHITIND
INE313D01013,MOHOTAIND
INE490G01020,MOIL
INE835B01035,MOLDTECH
INE893J01029,MOLDTKPAC
INE950M01013,MONTECARLO
INE161G01027,MORARJEE
INE083A01026,MOREPENLAB
INE775A01035,MOTHERSUMI
INE338I01027,MOTILALOFS
INE861B01023,MOTOGENFIN
INE356A01018,MPHASIS
INE943D01017,MPSLTD
INE883A01011,MRF
INE398B01018,MRO-TEK
INE103A01014,MRPL
INE752G01015,MSPL
INE255X01014,MSTCLTD
INE472M01018,MTEDUCARE
INE153A01019,MTNL
INE022B01014,MUKANDENGG
INE304A01026,MUKANDLTD
INE374B01019,MUKTAARTS
INE672B01032,MUNJALAU
INE577A01027,MUNJALSHOW
INE692B01014,MURUDCERA
INE296G01013,MUTHOOTCAP
INE414G01012,MUTHOOTFIN
INE295D01020,NACLIND
INE454M01024,NAGAFERT
INE123B01028,NAGREEKEXP
INE049I01012,NAHARCAP
INE289A01011,NAHARINDUS
INE308A01027,NAHARPOLY
INE290A01027,NAHARSPING
INE298J01013,NAM-INDIA
INE987B01026,NATCOPHARM
INE448G01010,NATHBIOGEN
INE139A01034,NATIONALUM
INE088B01015,NATNLSTEEL
INE663F01024,NAUKRI
INE048G01026,NAVINFLUOR
INE278M01019,NAVKARCORP
INE060A01024,NAVNETEDUL
INE095N01031,NBCC
INE365I01020,NBIFIN
INE725A01022,NBVENTURES
INE868B01028,NCC
INE732C01016,NCLIND
INE756C01015,NDGL
INE875G01030,NDL
INE07OG01012,NDRAUTO
INE155G01029,NDTV
INE553C01016,NECCLTD
INE023H01027,NECLIFE
INE189I01024,NELCAST
INE045B01015,NELCO
INE136S01016,NEOGEN
INE317F01035,NESCO
INE239A01016,NESTLEIND
INE870H01013,NETWORK18
INE794A01010,NEULANDLAB
INE619B01017,NEWGEN
INE747B01016,NEXTMEDIA
INE870D01012,NFL
INE410P01011,NH
INE848E01016,NHPC
INE470Y01017,NIACL
INE047O01014,NIBL
INE161A01038,NIITLTD
INE937C01029,NILAINFRA
INE00S901012,NILASPACES
INE310A01015,NILKAMAL
INE567A01010,NIPPOBATRY
INE368I01016,NIRAJ
INE858F01012,NITCO
INE489H01020,NITINFIRE
INE229H01012,NITINSPIN
INE542C01019,NKIND
INE589A01014,NLCINDIA
INE584A01023,NMDC
INE163A01018,NOCIL
INE781B01015,NOIDATOLL
INE369C01017,NORBTEAEXP
INE234A01025,NOVARTIND
INE740D01017,NRAIL
INE349A01021,NRBBEARING
INE023A01030,NSIL
INE733E01010,NTPC
INE096B01018,NUCLEUS
INE353A01023,NXTDIGITAL
INE959C01023,OAL
INE093I01010,OBEROIRLTY
INE321D01016,OCCL
INE881D01027,OFSS
INE274J01014,OIL
INE591A01010,OILCOUNTUB
INE260D01016,OLECTRA
INE090B01011,OMAXAUTO
INE800H01010,OMAXE
INE239D01028,OMINFRAL
INE474L01016,OMKARCHEM
INE912L01015,ONELIFECAP
INE840Y01011,ONEPOINT
INE213A01029,ONGC
INE809I01019,ONMOBILE
INE229A01017,ONWARDTEC
INE350C01017,OPTIEMUS
INE808B01016,OPTOCIRCUI
INE231G01010,ORBTEXP
INE191A01027,ORCHPHARMA
INE730A01022,ORICONENT
INE569C01020,ORIENTABRA
INE998H01012,ORIENTALTL
INE607D01018,ORIENTBELL
INE876N01018,ORIENTCEM
INE142Z01019,ORIENTELEC
INE750A01020,ORIENTHOT
INE609C01024,ORIENTLTD
INE592A01026,ORIENTPPR
INE743M01012,ORIENTREF
INE725E01024,ORISSAMINE
INE849L01019,ORTEL
INE142A01012,OSWALAGRO
INE766A01018,PAEL
INE761H01022,PAGEIND
INE420C01042,PAISALO
INE471W01019,PALASHSECU
INE218G01033,PALREDTEC
INE922B01023,PANACEABIO
INE895W01019,PANACHE
INE305C01029,PANAMAPET
INE074B01023,PARACABLES
INE883N01014,PARAGMILK
INE561H01026,PARSVNATH
INE244B01030,PATELENG
INE529D01014,PATINTLOG
INE790C01014,PATSPINLTD
INE785M01013,PCJEWELLER
INE865T01018,PDMJEPAPER
INE111Q01013,PDSMFL
INE844A01013,PEARLPOLY
INE140A01024,PEL
INE932A01024,PENIND
INE138A01028,PENINLAND
INE262H01013,PERSISTENT
INE347G01014,PETRONET
INE134E01011,PFC
INE182A01018,PFIZER
INE367G01038,PFOCUS
INE560K01014,PFS
INE457L01011,PGEL
INE179A01014,PGHH
INE199A01012,PGHL
INE940H01014,PGIL
INE602A01023,PHILIPCARB
INE211B01039,PHOENIXLTD
INE318A01026,PIDILITIND
INE603J01030,PIIND
INE417C01014,PILANIINVS
INE600A01035,PILITA
INE889E01010,PIONDIST
INE156C01018,PIONEEREMB
INE450D01021,PITTIENG
INE431F01018,PKTEA
INE083C01022,PLASTIBLEN
INE160A01022,PNB
INE859A01011,PNBGILTS
INE572E01012,PNBHOUSING
INE392B01011,PNC
INE195J01029,PNCINFRA
INE888B01018,PODDARHOUS
INE371C01013,PODDARMENT
INE637C01025,POKARNA
INE455K01017,POLYCAB
INE205C01021,POLYMED
INE633B01018,POLYPLEX
INE838E01017,PONNIERODE
INE752E01010,POWERGRID
INE07Y701011,POWERINDIA
INE211R01019,POWERMECH
INE095I01015,PPAP
INE050001010,PPL
INE302M01033,PRABHAT
INE505C01016,PRAENG
INE074A01025,PRAJIND
INE603A01013,PRAKASH
INE696K01024,PRAKASHSTL
INE546Y01022,PRAXIS
INE484I01029,PRECAM
INE283A01014,PRECOT
INE372C01029,PRECWIRE
INE863B01011,PREMEXPLN
INE342A01018,PREMIER
INE309M01012,PREMIERPOL
INE980A01023,PRESSMN
INE811K01011,PRESTIGE
INE726V01018,PRICOLLTD
INE032B01021,PRIMESECU
INE689W01016,PRINCEPIPE
INE959A01019,PRIVISCL
INE195N01013,PROZONINTU
INE010A01011,PRSMJOHNSN
INE608A01012,PSB
INE488V01015,PSPPROJECT
INE877F01012,PTC
INE034D01031,PTL
INE277B01014,PUNJABCHEM
INE701B01021,PUNJLLOYD
INE323I01011,PURVA
INE191H01014,PVR
INE615P01015,QUESS
INE306L01010,QUICKHEAL
INE944F01028,RADICO
INE919I01024,RADIOCITY
INE855B01025,RAIN
INE343B01030,RAJESHEXPO
INE00KV01014,RAJMET
INE451D01011,RAJRATAN
INE533D01024,RAJRAYON
INE562B01019,RAJSREESUG
INE952H01027,RAJTV
INE613A01020,RALLIS
INE278B01020,RAMANEWS
INE230R01027,RAMASTEEL
INE331A01037,RAMCOCEM
INE614A01028,RAMCOIND
INE246B01019,RAMCOSYS
INE874I01013,RAMKY
INE625B01014,RANASUG
INE222J01013,RANEENGINE
INE384A01010,RANEHOLDIN
INE703B01027,RATNAMANI
INE301A01014,RAYMOND
INE244J01017,RBL
INE976G01028,RBLBANK
INE027A01015,RCF
INE330H01018,RCOM
INE020B01018,RECLTD
INE891D01026,REDINGTON
INE056I01017,REFEX
INE131B01039,RELAXO
INE013A01015,RELCAPITAL
INE002A01018,RELIANCE
INE621H01010,RELIGARE
INE036A01016,RELINFRA
INE474C01015,REMSONSIND
INE087H01022,RENUKA
INE612J01015,REPCOHOME
INE364Z01019,REPL
INE461B01014,REPRO
INE688D01026,RESPONIND
INE617A01013,REVATHI
INE722H01016,RGL
INE217K01011,RHFL
INE209B01025,RICOAUTO
INE046A01015,RIIL
INE320J01015,RITES
INE722J01012,RKDL
INE786W01010,RKEC
INE399G01015,RKFORGE
INE172H01014,RMCL
INE050H01012,RML
INE542F01012,RNAVAL
INE283H01019,ROHLTD
INE927A01040,ROLLT
INE293A01013,ROLTA
INE294G01026,ROML
INE02A801020,ROSSARI
INE847C01020,ROSSELLIND
INE450U01017,ROUTE
INE105J01010,RPGLIFE
INE614G01033,RPOWER
INE324L01013,RPPINFRA
INE425Y01011,RPSGVENT
INE165B01029,RSSOFTWARE
INE611A01016,RSWM
INE411H01032,RSYSTEMS
INE834M01019,RTNINFRA
INE399K01017,RTNPOWER
INE301D01026,RUBYMILLS
INE619A01035,RUCHI
INE413B01023,RUCHINFRA
INE803H01014,RUCHIRA
INE895B01021,RUPA
INE573K01017,RUSHIL
INE09E501017,RVHL
INE415G01027,RVNL
INE902B01017,S&SPOWER
INE860T01019,SABEVENTS
INE416A01036,SABTN
INE226H01026,SADBHAV
INE764L01010,SADBHIN
INE429E01023,SAFARI
INE976T01013,SAGARDEEP
INE229C01013,SAGCEM
INE114A01011,SAIL
INE732S01012,SAKAR
INE623A01011,SAKHTISUG
INE667G01015,SAKSOFT
INE190H01024,SAKUMA
INE170V01019,SALASAR
INE498E01010,SALONA
INE658G01014,SALSTEEL
INE457F01013,SALZERELEC
INE699B01027,SAMBHAAV
INE782L01012,SANCO
INE583B01015,SANDESH
INE278H01035,SANDHAR
INE495C01010,SANGAMIND
INE999B01013,SANGHIIND
INE263L01013,SANGHVIFOR
INE989A01024,SANGHVIMOV
INE753W01010,SANGINITA
INE058A01010,SANOFI
INE890C01046,SANWARIA
INE385C01013,SARDAEN
INE979A01017,SAREGAMA
INE453D01025,SARLAPOLY
INE231F01020,SASKEN
INE019J01013,SASTASUNDR
INE170E01023,SATIA
INE836B01017,SATIN
INE018E01016,SBICARD
INE123W01016,SBILIFE
INE062A01020,SBIN
INE224E01036,SCAPDVR
INE513A01014,SCHAEFFLER
INE807K01035,SCHAND
INE839M01018,SCHNEIDER
INE109A01011,SCI
INE480C01020,SDBL
INE497B01018,SEAMECLTD
INE650K01021,SECURKLOUD
INE818A01017,SELAN
INE105I01012,SELMCL
INE735M01018,SEPOWER
INE807F01027,SEQUENT
INE630A01024,SESHAPAPER
INE878E01021,SETCO
INE023M01027,SETUINFRA
INE573R01012,SEYAIND
INE955I01036,SEZAL
INE916U01025,SFL
INE353H01010,SGL
INE640C01011,SHAHALLOYS
INE908D01010,SHAKTIPUMP
INE597J01018,SHALBY
INE849C01026,SHALPAINTS
INE274V01019,SHANKARA
INE631A01022,SHANTIGEAR
INE221J01015,SHARDACROP
INE597I01010,SHARDAMOTR
INE932X01018,SHAREINDIA
INE363M01019,SHEMAROO
INE05AN01011,SHIL
INE790G01031,SHILPAMED
INE637H01024,SHIVAMAUTO
INE644Y01017,SHIVAMILLS
INE705C01020,SHIVATEX
INE500L01026,SHK
INE498B01024,SHOPERSTOP
INE715Y01015,SHRADHA
INE232A01011,SHREDIGCEM
INE070A01015,SHREECEM
INE712K01011,SHREEPUSHK
INE879A01019,SHREERAMA
INE632X01030,SHRENIK
INE231C01019,SHREYANIND
INE757B01015,SHREYAS
INE526E01018,SHRIPISTON
INE722A01011,SHRIRAMCIT
INE964H01014,SHRIRAMEPC
INE979R01011,SHYAMCENT
INE635A01023,SHYAMTEL
INE176J01011,SICAGEN
INE075B01012,SICAL
INE003A01024,SIEMENS
INE529F01035,SIGIND
INE173A01025,SIL
INE923A01015,SILINV
INE203Y01012,SILLYMONKS
INE748T01016,SIMBHALS
INE059B01024,SIMPLEXINF
INE129Z01016,SINTERCOM
INE429C01035,SINTEX
INE792Z01011,SIRCA
INE285J01028,SIS
INE965H01011,SITINET
INE076B01028,SIYSIL
INE002L01015,SJVN
INE640A01023,SKFINDIA
INE429F01012,SKIL
INE439E01022,SKIPPER
INE411D01015,SKMEGGPROD
INE178C01020,SMARTLINK
INE294B01019,SMLISUZU
INE320X01016,SMSLIFE
INE812G01025,SMSPHARMA
INE734N01019,SNOWMAN
INE671H01015,SOBHA
INE624Z01016,SOLARA
INE343H01029,SOLARINDS
INE355A01028,SOMANYCERA
INE314C01013,SOMATEX
INE323J01019,SOMICONVEY
INE269A01021,SONATSOFTW
INE034H01016,SORILINFRA
INE035D01012,SOTL
INE683A01023,SOUTHBANK
INE980Y01015,SOUTHWEST
INE212I01016,SPAL
INE572J01011,SPANDANA
INE232I01014,SPARC
INE247M01014,SPECIALITY
INE020801028,SPENCERS
INE376C01020,SPENTEX
INE147A01011,SPIC
INE285B01017,SPICEJET
INE978G01016,SPLIL
INE937A01023,SPMLINFRA
INE501W01021,SPTL
INE268L01020,SPYL
INE099F01013,SREEL
INE872A01014,SREINFRA
INE647A01010,SRF
INE917H01012,SRHHYPOLTD
INE943C01027,SRIPIPES
INE008Z01012,SRPL
INE721A01013,SRTRANSFIN
INE802C01017,SSWL
INE939A01011,STAR
INE460H01021,STARCEMENT
INE733A01018,STARPAPER
INE655A01013,STCINDIA
INE395H01011,STEELCITY
INE503B01013,STEELXIND
INE577L01016,STEL
INE334A01023,STERTOOLS
INE089C01029,STLTECH
INE00IN01015,STOVEKRAFT
INE845C01016,SUBCAPCITY
INE754A01055,SUBEXLTD
INE287B01021,SUBROS
INE659A01023,SUDARSCHEM
INE258G01013,SUMICHEM
INE748Z01013,SUMIT
INE519C01017,SUMMITSEC
INE105A01035,SUNCLAYLTD
INE108E01023,SUNDARAM
INE660A01013,SUNDARMFIN
INE202Z01029,SUNDARMHLD
INE073D01013,SUNDRMBRAK
INE387A01021,SUNDRMFAST
INE947A01014,SUNFLAG
INE044A01036,SUNPHARMA
INE805D01034,SUNTECK
INE424H01027,SUNTV
INE712B01010,SUPERHOUSE
INE662A01027,SUPERSPIN
INE663A01017,SUPPETRO
INE399C01030,SUPRAJIT
INE319Z01013,SUPREMEENG
INE195A01028,SUPREMEIND
INE272L01022,SURANASOL
INE130B01031,SURANAT&P
INE713B01026,SURYALAXMI
INE335A01012,SURYAROSNI
INE645H01027,SUTLEJTEX
INE591Q01016,SUULD
INE495B01038,SUVEN
INE03QK01018,SUVENPHAR
INE040H01021,SUZLON
INE665A01038,SWANENERGY
INE277A01016,SWARAJENG
INE409B01013,SWELECTES
INE00M201021,SWSOLAR
INE225D01027,SYMPHONY
INE602K01014,SYNCOM
INE398R01022,SYNGENE
INE123C01018,TAINWALCHM
INE586B01026,TAJGVK
INE142I01023,TAKE
INE187D01011,TALBROAUTO
INE483C01032,TANLA
INE388G01018,TANTIACONS
INE0EK901012,TARC
INE924H01018,TARMAT
INE488B01017,TASTYBITE
INE092A01019,TATACHEM
INE493A01027,TATACOFFEE
INE151A01013,TATACOMM
INE192A01025,TATACONSUM
INE670A01012,TATAELXSI
INE672A01018,TATAINVEST
INE056C01010,TATAMETALI
INE155A01022,TATAMOTORS
IN9155A01020,TATAMTRDVR
INE245A01021,TATAPOWER
INE081A01012,TATASTEEL
INE824B01021,TATASTLBSL
INE674A01014,TATASTLLP
INE760L01018,TBZ
INE688A01022,TCI
INE662L01016,TCIDEVELOP
INE586V01016,TCIEXP
INE911B01018,TCIFINANCE
INE778U01029,TCNSBRANDS
INE822C01015,TCPLPACK
INE467B01029,TCS
INE419M01019,TDPOWERSYS
INE985S01024,TEAMLEASE
INE669C01036,TECHM
INE285K01026,TECHNOE
INE010J01012,TEJASNET
INE482B01010,TERASOFT
INE435C01024,TEXINFRA
INE141K01013,TEXMOPIPES
INE621L01012,TEXRAIL
INE305A01015,TFCILTD
INE797H01018,TGBHOTELS
INE085J01014,THANGAMAYL
INE924D01017,THEINVEST
INE083B01016,THEMISMED
INE152A01029,THERMAX
INE409A01015,THIRUSUGAR
INE332A01027,THOMASCOOK
INE480M01011,THOMASCOTT
INE594H01019,THYROCARE
INE133E01013,TI
INE484C01022,TIDEWATER
INE545H01011,TIIL
INE974X01010,TIINDIA
INE440L01017,TIJARIA
INE806C01018,TIL
INE289C01025,TIMESGTY
INE508G01029,TIMETECHNO
INE325A01013,TIMKEN
INE422C01014,TINPLATE
INE716B01011,TIPSINDLTD
INE338A01024,TIRUMALCHM
INE319Y01016,TIRUPATIFL
INE280A01028,TITAN
INE759V01019,TMRVL
INE148A01019,TNPETRO
INE107A01015,TNPL
INE141D01018,TNTELE
INE932C01012,TOKYOPLAST
INE685A01028,TORNTPHARM
INE813H01021,TORNTPOWER
INE336X01012,TOTAL
INE486Y01013,TOUCHWOOD
INE413G01014,TPLPLASTEH
INE040M01013,TREEHOUSE
INE00CA01015,TREJHARA
INE849A01020,TRENT
INE391D01019,TRF
INE064C01022,TRIDENT
INE948A01012,TRIGYN
INE763I01026,TRIL
INE152M01016,TRITURBINE
INE256C01024,TRIVENI
INE910C01018,TTKHLTCARE
INE690A01010,TTKPRESTIG
INE592B01016,TTL
INE517B01013,TTML
INE886H01027,TV18BRDCST
INE236G01019,TVSELECT
INE494B01023,TVSMOTOR
INE421C01016,TVSSRICHAK
INE038F01029,TVTODAY
INE871L01013,TVVISION
INE615H01020,TWL
INE686F01025,UBL
INE139B01016,UCALFUEL
INE691A01018,UCOBANK
INE516A01017,UFLEX
INE527H01019,UFO
INE071E01023,UGARSUGAR
INE899L01022,UJAAS
INE334L01012,UJJIVAN
INE551W01018,UJJIVANSFB
INE481G01011,ULTRACEMCO
INE864B01027,UMANGDAIRY
INE240C01028,UMESLTD
INE351A01035,UNICHEMLAB
INE961D01019,UNIDT
INE037A01022,UNIENTER
INE692A01016,UNIONBANK
INE694A01020,UNITECH
INE458F01011,UNITEDTEA
INE466H01028,UNITY
INE562X01013,UNIVASTU
INE279A01012,UNIVCABLES
INE03V001013,UNIVPHOTO
INE628A01036,UPL
INE550C01020,URJA
INE228A01035,USHAMART
INE094J01016,UTIAMC
INE699A01011,UTTAMSTL
INE786F01031,UTTAMSUGAR
INE945H01013,V2RETAIL
INE694D01016,VADILALIND
INE884A01019,VAIBHAVGBL
INE972X01014,VAISHALI
INE051B01021,VAKRANGEE
INE565V01010,VALIANTORG
INE116G01013,VARDHACRLC
INE835A01011,VARDMNPOLY
INE665L01035,VARROC
INE893I01013,VASCONEQ
INE590L01019,VASWANI
INE200M01013,VBL
INE205A01025,VEDL
INE398A01010,VENKEYS
INE411B01019,VENUSREM
INE188Y01015,VERTOZ
INE386A01015,VESUVIUS
INE918N01018,VETO
INE951I01027,VGUARD
INE701A01023,VHL
INE048C01017,VICEROY
INE703A01011,VIDEOIND
INE632C01026,VIDHIING
INE159N01027,VIJIFIN
INE806A01020,VIKASECO
INE161L01027,VIKASMCORP
INE767B01022,VIKASPROP
INE706A01022,VIKASWSP
INE579C01029,VIMTALABS
INE410B01037,VINATIORGA
INE707A01012,VINDHYATEL
INE250B01029,VINYLINDIA
INE450G01024,VIPCLOTHNG
INE054A01027,VIPIND
INE946H01037,VIPULLTD
INE392A01013,VISAKAIND
INE286H01012,VISASTEEL
INE755Q01025,VISHAL
INE270I01014,VISHNU
INE430N01014,VISHWARAJ
INE370E01029,VIVIDHA
INE526G01021,VIVIMEDLAB
INE709A01018,VLSFINANCE
INE665J01013,VMART
INE540H01012,VOLTAMP
INE226A01021,VOLTAS
INE366I01010,VRLLOG
INE050M01012,VSSL
INE710A01016,VSTIND
INE764D01017,VSTTILLERS
INE825A01012,VTL
INE956G01038,WABAG
INE342J01019,WABCOINDIA
INE711A01022,WALCHANNAG
INE107F01022,WANBURY
INE054C01015,WATERBASE
INE658T01017,WEALTH
INE855C01015,WEBELSOLAR
INE080A01014,WEIZMANIND
INE191B01025,WELCORP
INE625G01013,WELENT
INE389K01018,WELINV
INE192B01031,WELSPUNIND
INE274C01019,WENDT
INE274F01020,WESTLIFE
INE715A01015,WHEELS
INE716A01013,WHIRLPOOL
INE210A01017,WILLAMAGOR
INE052A01021,WINDMACHIN
INE215F01023,WIPL
INE075A01022,WIPRO
INE049B01025,WOCKPHARMA
INE066O01014,WONDERLA
INE196Y01018,WORTH
INE100D01014,WSI
INE976A01021,WSTCSTPAPR
INE692G01013,XCHANGING
INE01P501012,XELPMOC
INE445C01015,XPROINDIA
INE126M01010,YAARII
INE528G01035,YESBANK
INE256A01028,ZEEL
INE565L01011,ZEELEARN
INE966H01019,ZEEMEDIA
INE058B01018,ZENITHEXPO
INE520A01027,ZENSARTECH
INE251B01027,ZENTEC
INE206B01013,ZODIACLOTH
INE077B01018,ZODJRDMKJ
INE358U01012,ZOTA
INE840M01016,ZUARI
INE217A01012,ZUARIGLOB
INE768C01010,ZYDUSWELL